,LogLoss,F-measure_Class0,F-measure_Class1,F-measure,MeanRuntime,NumberOfTrees
Default CatBoost,0.50903258298,0.751040318595,0.791937682251,0.771489000423,134.996741438,100
Default XGBoost,0.37462,0.830351634793,0.839400428266,0.834876031529,65.0342066288,100
Default LightGBM,0.349052138109,0.84435483871,0.846825396825,0.845590117768,16.4765406132,100
